<?xml version="1.0" encoding="UTF-8"?>
<beans xmlns="http://www.springframework.org/schema/beans"
       xmlns:xsi="http://www.w3.org/2001/XMLSchema-instance"
       xmlns:context="http://www.springframework.org/schema/context"
       xmlns:dubbo="http://code.alibabatech.com/schema/dubbo"
       xmlns:mvc="http://www.springframework.org/schema/mvc"
       xsi:schemaLocation="http://www.springframework.org/schema/beans
							http://www.springframework.org/schema/beans/spring-beans.xsd
							http://www.springframework.org/schema/mvc
							http://www.springframework.org/schema/mvc/spring-mvc.xsd
							http://code.alibabatech.com/schema/dubbo
							http://code.alibabatech.com/schema/dubbo/dubbo.xsd
							http://www.springframework.org/schema/context
							http://www.springframework.org/schema/context/spring-context.xsd">
    <!--开启spring注解使用-->
    <context:annotation-config></context:annotation-config>
    <!--注册自定义Job-->
    <bean id="clearImgJob" class="com.itheima.jobs.ClearImgJob"></bean>
    <bean id="jobDetail"
          class="org.springframework.scheduling.quartz.MethodInvokingJobDetailFactoryBean">
        <!-- 注入目标对象 -->
        <property name="targetObject" ref="clearImgJob"/>
        <!-- 注入目标方法 -->
        <property name="targetMethod" value="clearImg"/>
    </bean>
    <!-- 注册一个触发器，指定任务触发的时间 -->
    <bean id="myTrigger" class="org.springframework.scheduling.quartz.CronTriggerFactoryBean">
        <!-- 注入JobDetail -->
        <property name="jobDetail" ref="jobDetail"/>
        <!-- 指定触发的时间，基于Cron表达式 -->
        <property name="cronExpression">
            <value>0/10 * * * * ?</value>
        </property>
    </bean>
    <!-- 注册一个统一的调度工厂，通过这个调度工厂调度任务 -->
    <bean id="scheduler" class="org.springframework.scheduling.quartz.SchedulerFactoryBean">
        <!-- 注入多个触发器 -->
        <property name="triggers">
            <list>
                <ref bean="myTrigger"/>
            </list>
        </property>
    </bean>
</beans>